{"cameraMode":{"drawMode":0,"name":"Shaded","section":"Shading Mode"},"sceneLighting":true,"audioPlay":false,"sceneViewState":{"showFog":true,"showMaterialUpdate":false,"showSkybox":true,"showFlares":true,"showImageEffects":true,"showParticleSystems":true},"in2DMode":false,"pivot":{"x":16.428443908691408,"y":-3.5070762634277345,"z":34.985843658447269},"rotation":{"x":-0.12862566113471986,"y":-0.016068704426288606,"z":0.0020844268146902324,"w":-0.9915608763694763},"size":134.55764770507813,"orthographic":false}