{"cameraMode":{"drawMode":0,"name":"Shaded","section":"Shading Mode"},"sceneLighting":false,"audioPlay":false,"sceneViewState":{"showFog":true,"showMaterialUpdate":false,"showSkybox":false,"showFlares":true,"showImageEffects":true,"showParticleSystems":true},"in2DMode":false,"pivot":{"x":3.81929874420166,"y":1.0381903648376465,"z":4.310416221618652},"rotation":{"x":0.06060655787587166,"y":-0.840752124786377,"z":0.09626352787017822,"w":0.5293355584144592},"size":26.5029239654541,"orthographic":true}